YearsExperience,Salary Predicted
-0.8649353838979088,52103.91433294024
1.0345774067066151,102051.58797689421
0.9270578147856047,99224.36116685909
1.7872145501536914,121842.17564714013
-1.4383732074766329,37025.37134608622
0.6403389029962423,91685.08967343207
